,0,1,2,3,4,5,6,7,8,9,10,11,12,13,14,15,16,17,18,19,20,21,22,23,24,25,26,27,28,29,30,31
0,0.09930499002926416,0.29235282549521047,-0.03782590801656107,-0.0290723421290858,1.233873347794309,-0.3154162569522148,0.5697000366993771,1.166099000809568,0.19646822876321945,-0.2226326821937494,0.5665554217434627,-0.1635689839122935,0.2865352387594928,-1.2171431871494698,0.5841557395213749,-0.23920876129472518,-0.9541736510545453,0.058595493036477944,1.0493007330380821,0.6097697420921171,-0.4325488476939998,0.3643751400326864,-0.13732009651456242,-0.8145990824471177,-0.1759175596139656,0.9400180459409546,-0.002390013624565812,0.18374990391293838,0.4284170465430828,-0.08761096509556017,0.20559701947235884,-0.8258194879183629
1,0.02702494067127753,0.1826991786450469,1.1604329912486746,-0.06759230674433486,1.5385758202901858,-0.9355191615233859,-0.14636070777922855,0.8863023839203941,-0.3750857992022882,-0.3251473566419277,0.3544794200068687,-0.05340681923603023,0.015838591639888606,-0.17071545204983146,0.5761483767157437,-0.396066877262518,-0.23108566807966324,0.19423583767890684,-0.36852490146147104,1.5718396622982476,0.021372417128886323,2.0543626582972174,-0.27783706404191183,-0.22856214831436183,0.1742805937686861,0.03654606724225154,-0.5832901913245817,-0.9092065555805662,0.8005226502067172,0.6878989117905027,-0.8164702072535518,-0.3241823840891538
2,-0.5745727242200768,-0.6231035551378694,-0.2735109593657959,-0.22361341357512543,0.7379747111987591,-0.3774737705801622,0.12449800899914008,-1.6499378521299048,-0.5165446877852937,-1.5463092991554814,0.29481317397257933,-0.19838516898912464,-0.08289759605916999,-0.567939339370146,0.23746489104829097,-0.0416421082936802,0.0607574146208728,0.35460179203875875,0.11134537647127665,1.6603636133970134,-1.6858582218451588,3.1555888559224203,0.003354074326569409,-1.1067510667642881,1.4157587826667897,0.2250776146798238,-0.8778073556624808,-1.151156558900583,-0.022302276075179345,1.2893397129900777,0.15129045262271462,1.3968183897207918
3,-0.16982722677008855,-0.7806051346971773,-1.1598410208921428,0.018704098550661963,0.15789480969810724,-0.8340085699845206,0.3507734066575362,-1.5712179601211902,-0.017326454552888726,-0.6256160450456866,-0.33051988443258884,0.1059619225647354,-0.1673323226513052,-0.6389284034542362,0.2890242561220428,0.2390245224881215,0.01810516907522256,0.19130968017667677,0.8026004115747576,-0.03718221178033759,-1.0412748287904388,1.2628018159486962,-0.3213998779148761,0.29681155751421795,1.0643345814328944,0.03425953965546466,-0.33457579595859444,0.4130367788874971,0.5778902984158399,-0.1524274076553575,0.11900716709491821,1.4678833389456347
4,0.25194563959888294,-0.2073499078637967,-0.5396811157228697,-0.13937307692646464,-0.3906766721649541,-1.8350997076071611,-0.2838590736337847,1.1713705611296448,-0.46638598937833575,0.6026278913351829,-0.7074828188070132,0.09332708766429938,-0.09465538981856078,-0.9541515918262374,2.4852850517517626,-0.04123738021348078,0.37075087657770306,0.0006055850257389028,-0.4291863201623598,-1.8206490250788032,-0.6169570429821225,0.6734652965696888,-2.122763333693898,0.43793615008987263,-0.6858986602200118,0.4541587294410215,0.6343350892367066,-0.07040870621303319,1.7674551223891217,-1.1256113801487186,0.20728844622231835,0.2423207610010994
5,-0.06986451992917915,-1.0389166918209076,-1.2005135884949445,0.15890224489350888,-0.33608479611800457,1.0821985725501173,0.0701424744768238,-0.5680883554040541,-0.13944070128287683,0.6076153271420599,-0.005272850537971163,0.14557842772969443,0.2809433435041393,0.7730646001428046,-1.3762049774425675,0.46737547605648677,0.9193844577698985,0.06343399595252563,-0.19963462541109397,-0.6589830347620966,0.8203535647343635,-2.9023429956155633,0.8158323566157198,-0.10446529217780723,0.7829660097571749,-0.6328130840085303,0.28846722853510776,0.09087760597452142,-1.1183081131364023,-0.9962238898256842,0.0791981449525272,0.15762063499949547
6,0.14318683427719206,-1.0068741387355733,0.12843097825268132,0.2980846658691081,1.308591733581249,-1.7173808252395957,-0.13379290514188547,0.0853244793562938,-0.9948280569968737,-0.24786073034049427,-0.1391502211893631,0.13805131686416391,0.02016046718293993,-0.11188903030496039,0.1396859958346138,0.03563789092800529,0.5768519780248303,0.14659363942114964,-0.46804423957578273,1.5094580896290029,0.6489168015677225,1.599354178764977,-0.6052107345642456,-0.1694625860200764,1.0040638467838774,-0.3842246959525089,-0.8271791986375662,-0.22817981858599434,1.5397773976495337,0.28693304506435285,-0.05709814380133582,0.8925070434810747
7,-0.0007299154121904183,0.43264695859852176,-0.25281116899803485,-0.042695507835181785,0.8605790208530512,0.3364479059071609,0.2284035928484004,-0.9630607183969837,0.5716892642429054,-0.29763574563414535,-0.21341281203855583,0.05044727826094328,0.009132102774253203,-0.08224523908917922,0.24566699671756276,0.26201933641936914,-0.30687029585168135,0.00191056940261633,0.1805897930738952,0.44458267863114165,-0.8159566903767517,0.7812352129193282,0.00601946078872409,0.17423594100528,-0.32610097870844496,-0.0395742237662476,-0.9189202228253207,0.3135381404780057,-0.5692368894298305,-0.36683797546712854,0.4046552375363288,0.9180935067539268
8,-0.039910943983710395,0.4900560414218117,0.8705718506157555,-0.1989042331203426,-0.15546758727927557,0.5939560509520074,0.06393988611074347,0.4319836030059908,0.94350713945198,0.2574649745061989,-0.10667456396999803,-0.03332103471837013,-0.1280563135873979,0.1258896025444296,-0.34674359963670764,0.1321469913035886,-0.7986801545936904,-0.08302324448340481,0.4776070782990513,-0.00902225452732891,0.16266783593122192,-0.08296132179125626,0.5952705582219333,-0.02365258526414775,-0.7323928174531693,-0.2917197282842242,-0.17928607926489182,0.5634096914153758,-0.7701127060735377,-0.39918500976230237,0.2795767004837514,-0.5167983682708225
9,0.013896049126832843,0.6306429409612911,-0.12041661247430716,-0.22804649187350373,0.3215288678577702,0.6092484766045052,0.8479679964896142,-0.08764324188713643,1.5753458554377193,-0.3957256557046859,0.10188847930248215,-0.11693042641832721,-0.20315006209202585,-0.5250563757315673,-0.0519841384483106,0.20204626821311586,-0.9939411071314328,0.465953594075744,1.5787410696157593,-0.765752115291551,-1.4656883299031715,-0.1553341978793984,0.23458918588539993,0.7680013349796819,-0.5829596058870257,0.4684235469052325,0.11973847419485278,0.1475592882353296,-0.3256423253709276,-0.3677300295567197,-0.32368030137818643,-0.303013860396092
10,-0.20936783070558457,0.9953655103410695,-2.828415944220033,0.1862753297853005,2.1430504806236517,-0.6497095479777213,-0.11269364538330959,-1.497614706489099,1.3008266986578325,-0.8056692304303745,0.2859487825226156,0.046099695101669814,-0.07975268765786404,0.5223832296414427,-0.8496204773543793,0.7486994184063204,2.086272092966731,0.5946061612347014,-0.08558609333784971,1.7333558460649434,1.1628101512772926,1.1231767430718227,0.1107472963421659,0.9478408448665598,0.5934870137349986,-1.133619520205613,-1.2892302357702565,-0.9675328290317506,-0.9389871857746432,0.07522799704127264,1.0663475755659297,1.4813131625134928
11,-0.09060973932066055,0.10708658459446291,-1.1681797681062316,-0.1723911393149946,-0.42551734879429465,-0.16027915090383027,-0.53462839470736,-0.5702154208660977,-1.5083974591732527,-0.633245462864241,-0.948162503543395,-0.04564045311981171,-0.32768510144202156,-0.45561865562496845,0.275582753852642,0.04119024847149255,0.5929088905050206,-0.5779803540509244,-0.41134120799587953,0.08689490877531356,-0.1789110083793372,1.1505716795963625,0.12253391736192595,0.4966115521497635,0.3068971565793333,-0.6596079806323397,0.028728373115097128,-0.12124159652168254,0.9008994016017509,0.8100502527501999,-0.15169933113035175,0.23936746973536024
12,-0.41851988834569165,-0.35126111944627325,-0.7153813873096401,0.1865320611456709,0.9709319802238443,0.5886570441341785,-0.7408757113546423,0.8241631775019171,-0.6457857905310214,-0.22717762185369295,1.4093675581289111,0.11509548183493548,-0.1584051174481652,0.43957791557732256,-0.40011567245514523,-1.3872221673225218,1.348804069157552,-0.1244900092973248,-1.7564673281841205,0.6676688044508285,0.22538915004018642,-0.8207007906195554,-0.23007174153725213,-1.3723333076030788,0.07660669055773095,0.030434970515703597,-0.6239605695052907,-1.1874398538676805,-0.07269659616689719,-0.08591051406565231,0.8861989480631165,-0.35117868851997985
13,-0.07835756127855145,0.2907100477928608,-0.9973452065924221,-0.20422833481258998,-0.8464349916936212,1.1253242027280206,-0.21836838568922246,-1.0282838147531421,-0.2021143384780325,0.42638552492637954,0.23789121503943056,-0.11666374895382615,0.022683472296579424,0.2540073979886792,-0.2040769440780567,0.2022504748071188,-0.09581170555791166,-0.4378338890204534,-0.3932482046126313,0.3995699553263486,-0.02661255910115022,-0.31651467711203746,0.9497348726367517,-0.27222160015613656,-0.41742302713972296,0.16405668778169094,0.6436569365805201,0.7979951020405613,-0.7430358508639163,0.729446111889617,0.6424933157801475,-0.07414623168882141
14,0.9058360574947,0.32426681049232187,0.8478577981371239,-0.175913286892937,-1.9210250338300878,1.1767937162803355,-0.1300888927597249,-0.37003635321775274,-0.5148743059719112,-0.4279199823965234,-1.2135789057569277,0.09387611666463598,0.07534263651891439,0.9338970324060218,-0.7239177625531245,0.40693957304477635,0.35233604587359957,-0.06616541698617205,-0.9931120074374477,-2.3411369592811195,1.3028961367166998,-2.398792642129934,0.70672398286926,1.9052478555466885,-1.4223363484596585,-0.4605431577976412,0.8425922281878111,2.6468259067781217,-0.7864053086566728,-0.41438332298950553,0.3368457203528326,-0.3767586909663614
15,0.18542252379713497,0.05041450196729924,-0.8755363618952463,0.09725898427698854,-0.7560399949285722,0.661333291195292,0.8855916922127166,-0.7617067910067038,0.906275952946698,0.05174309637265688,-0.16398741043109652,0.02866856105314461,0.0482449556218861,-0.26910492139470754,0.5649809645310778,0.06982483573631668,-1.2006219691650135,-0.4684731769332878,1.4549030921764845,-0.7669941283802557,0.43250216061996993,-0.5234426825927337,-0.2516747305688097,0.10867119555885454,0.46705008155263267,0.10182209132387415,0.5370764234048726,0.43293351951045717,-0.16607733642058242,0.4032757061394122,0.23372166194702693,0.5940282200492821
16,0.03634237731366469,1.0866789602007585,-0.39542911513738044,-0.1447383765038066,2.406540598269078,-0.2709952341934112,0.024679053748855175,0.023701012717115,1.122434114428558,-0.8551352491149026,0.4704032157073158,0.008765554108691571,-0.10805308815205762,-0.3807923692289053,0.8590878523644392,0.11767023662456763,0.023979168691387998,-0.5623959621451803,0.3367728507422534,1.8356981561047505,0.3810287162923444,1.83769659618837,-0.1470868315286195,0.09557230403795708,-0.22727700648606464,-0.4846528877311154,-1.4174599179164045,-0.11516975469416135,-0.23769915259973168,0.9488738794511884,-0.5514663877449383,-0.03664598660350722
17,0.18601797443259074,0.8838119577429328,0.5521539736235235,-0.10027758728881808,-1.0933671966988743,0.4125003856239783,0.34794079545779477,0.5396587192321667,0.7460261420812906,0.384599757708576,-0.2217569051796022,-0.019602115489741785,-0.05997246608031616,0.007922508345605428,0.34522447187948274,-0.15231991456316454,-0.8497885395432905,-0.37466739528124876,0.6770517597524677,-0.6224689052675176,0.37350561566169077,-0.2917154418102489,-0.10035616981223457,0.08216449913558505,-0.42963823811505764,0.21897453095713315,0.8655167655079379,0.3302235347520172,0.10507259445752683,0.5907315695409765,-0.5118524425203836,-0.8094846820778561
18,0.3245238739462934,-0.04527067882000872,-1.2846967798330913,-0.44661910357271145,-0.4555227112453753,-0.9809810572346098,-0.15852088935907496,-0.9752507689770739,-1.2518270736769381,-0.06490460226626138,-1.1065191845345632,-0.2768592685078712,0.24071489932424264,0.08882374297482755,1.0976147555089715,0.3689195647610175,0.24929892940947793,0.2120982977994214,-0.6496791770245504,-0.12695668664801033,-0.852198663536592,2.0590429324420385,-0.603375562801616,-0.0754239885786463,-0.2731812667961425,-0.6911997606859472,-0.2654934439001098,0.9399525354326084,1.1267212699147489,-0.2970806248939675,0.5102099445728158,1.4397442185971936
19,-0.5472334570709921,-0.33002405130463053,0.4651299740780699,-0.26039642030412247,0.10504250363316071,-0.8086210741502423,-0.35980970061979267,0.27606336181880703,-1.1858052216039008,0.08697262420664423,0.6145523473308829,0.013264916263936348,-0.13996595616467808,0.4053106460003016,0.7289438877172454,-0.18041356796578661,0.09456354096056112,0.05289884736184493,-0.8202170357757551,0.8492746399128889,0.6135398666520956,0.5411705388004804,-1.0527973084912645,-0.7936037458435512,0.28655923648266096,-0.7005823655702025,-0.09725703509858931,-1.5365562589304422,1.2820013600551377,0.05683358663300166,-0.1514324861695702,0.7558662398717089
20,-0.13156569466603307,-1.0588709124261493,-0.4785083569030919,0.2751832010498667,-3.374787363453853,0.8365162724890061,-0.0010367418753302188,-0.44569194568856174,0.16659680392619924,0.9534693693097676,0.27372365038009283,0.019367333312595807,0.0023635764020545624,0.4888196604926309,-1.5878914135382902,-0.27692510388121006,0.6164203624070601,0.4811377653212603,-0.1727578191290034,-1.810527222096034,0.041998604279943286,-2.7632342439916977,0.3810719056344014,-0.7753014154816766,0.4771329968719201,0.5978418117673937,1.7538846052937456,-0.08777765223754783,-1.0607828612968178,-0.16216743263037917,0.9292476926198563,0.0938281274297258
21,0.18840737058374057,0.4795109465207483,-0.39418928577239576,-0.22628741970449218,-0.24154195169690273,-0.20302954812466073,0.2778416388310223,-0.33965822050770067,-0.9263676305209846,-0.49446302330730896,-0.6878099521500874,-0.009129957646839115,-0.04334109225165142,-0.14183229984415846,0.86664396097893,0.04053209816761978,-1.3055712559650878,-0.43038324643182124,0.7094595732395016,-0.5601277542096395,-0.4292848022395265,0.7687397113864138,-0.3937568717093225,0.08036418567205125,-0.5475251030519616,0.23958988580121052,-0.17590191162254104,0.761435550286611,1.4454714624213088,0.014799867014317302,0.16259079618090017,0.5544908562252735
22,0.07911646106098452,-0.695751023968261,-0.22648777018014207,0.10102360522836523,-0.2219530092327362,0.03919938444382823,-0.3512530484448254,-2.1125624157111305,-0.8291835753636446,0.8712696535624316,-0.28914117426502617,0.004616240593441099,0.07326277207338394,-0.11439087771132975,-0.3829342246202515,0.6297035886412734,0.7667165605190763,-0.12785430765498837,0.02198508545084535,0.032701170899028215,-0.4887047439103454,-0.5291045436916718,0.4665149821895286,1.1366993934208887,0.3181986906511146,0.42256169369016616,0.5551380514873869,0.31369218838113244,-0.13110719678691565,-0.2678262184206417,0.05102587814699267,1.2795323691920906
23,0.17973221874643128,-0.20668426700986114,0.565765361207811,0.26399459651026597,0.2437670811739029,-0.6620692465522654,0.3409462623917042,0.4408252139174478,1.0973838525670292,-0.09282028997588351,0.5861799882011545,-0.0515200341201527,0.13740837432254288,-0.646970091710269,0.5982982525150076,-0.14988909587121316,-0.2346665380837553,-0.34655048689472256,0.04680934980467888,0.06668901973928237,0.6672230856846041,-0.7971904721781882,-0.6487611856984675,-0.5458254009015622,0.34631839220320315,-0.20610083737874474,-0.32027608240970556,0.7633432462115824,-1.0577076370076544,-0.3743812917033098,-0.640749023332591,0.07195841209612228
24,-0.5187300593929713,-0.2678251744810057,-0.23092190327926732,-0.004316588448070258,0.18719652358072936,-0.32777745514821766,-0.14088176615708792,-1.059815002470719,1.7352067070742567,-0.0759061840160728,1.8385271834930945,0.10351987260229485,-0.06839678064855495,0.5004185933447808,-0.27183652020754423,-0.3861767323193893,0.0538584709153633,0.170640475758649,-0.6690033009246543,1.0061072853078727,1.1702330637932548,0.10578490064921953,-0.24186609254376634,-0.39948773427526685,0.8373332630803486,-1.146620087883829,-0.7053326380556637,-1.2293597978275823,-1.4347818360385551,-0.39694243621862696,-0.34757317607361354,1.0534205390193119
25,0.25282579065029853,1.105562924406602,-0.8370459308842585,0.1413288636167005,0.18357565588985908,0.7624857555674504,0.8280759389297409,-0.37665775059383155,1.659451895388167,0.13132962790413488,-0.002771594387061732,-0.1171317709997479,0.019191171920706955,-0.4946384189264772,0.14173566817428845,0.36858926134418646,-1.3108538543382242,-0.40586760896158564,1.8356883383093712,-0.12382446681843384,-0.6828612328138858,-0.3116334310740705,0.6591652267569064,0.22159332366007395,-0.4828179013894649,1.125377304810793,0.1742470485510672,0.8214170782260848,-1.1405619888575034,0.40586762315782976,0.382535194300591,-0.17161234281727678
26,0.11866098332338978,0.8415175742372653,-1.2951757940192299,0.06854176775109523,-0.5319175151248735,0.7227988811066406,-0.09579110238391955,-0.30983859880017095,0.24860459002024948,0.5471981974153921,-0.6335638610660236,-0.042587753843568936,0.12741556349186506,0.4219263447542671,-0.5281808497014056,0.45348694081928625,0.3988097561778649,-0.1887715449721682,0.19899723568013336,-1.0307032589206357,0.9649159763921745,-2.3843742705599755,0.6169650647849546,0.6431143519174004,-0.025752247241812354,0.013472654714538831,0.9383037426738106,0.7315088462226824,-1.1694265320628288,-0.48530671498807,0.33201521078916746,-0.2023185775490026
27,-0.01430448131722021,-0.46836841326384937,0.9502062752633523,0.03980512936148696,0.901923079131539,-0.5927199240820242,-0.5236186710520889,-1.5381378856436525,-0.4165868463166727,0.5237361403015734,0.15595292553686244,0.03422767845951523,0.22245003259421053,-0.7705061578570223,0.4169650859157109,1.0203101924474727,1.0109930079359795,0.09841879663625419,-0.47151308130934044,0.5844929039937359,-0.4501528790911489,1.6782043405089815,-0.34992080425267835,0.6663536874700631,0.5011310573282836,0.7654443900510605,-0.21356868377637245,-0.06954772351228902,-0.692767381955918,0.6136573620289609,-0.09677791385463547,1.2908959232198078
28,-0.1735727550733508,0.3519405763901728,0.5430071421670237,-0.14143890855701344,-1.9206126895445967,0.3501678782177361,0.5031056359805384,0.616766568758243,1.2168375906346942,-0.2760575768442798,0.3006138266953625,-0.009613881912359207,-0.13694798839513425,0.755578889880029,-0.5720312081181443,-0.2301027168034504,-1.6567073053252874,0.6019383083456797,0.9537553852440734,-1.3446899822892204,0.4210581077912309,-1.3853678934657183,0.2741467196571638,-0.4934909817214154,0.0781311829029103,-0.35124232029484537,0.8145671161085223,-0.30730945014201116,-0.21990408511370063,-0.6660024881601663,-0.3356974966571916,-0.48695923484070025
29,0.6212511971933838,-0.1127355997794488,-0.026511200243335947,-0.06433433324774655,-0.08337399507711038,-0.5828927096116849,-0.20263199862941547,0.8853762174929544,-1.3033209633956673,-0.05464358252032486,-0.6572609829053235,0.02802706798969575,-0.030303799964603542,-1.103757853564911,0.45588455719726617,-0.7461334674576515,0.08459839325185231,-0.30555364272277175,0.29314941384264487,-0.8929829553037844,-1.2439013413002549,0.9442911756711051,-0.21979784954161088,0.6025461971553542,-0.8471715171295378,1.187293667763528,0.14835617050555652,0.8769758640095527,1.1429827098129457,0.38759107351682814,-0.1482006437015802,-1.128641714701658
30,-0.21213427177373514,0.37503141090856795,-0.39863857333776775,-0.17225294583191156,-0.6405623453315697,0.5434418065020928,0.5808502587406397,-0.3181177548408828,0.5556598261464525,0.29536767521325696,0.2678335974851975,0.11142419759913359,0.05134846966199154,0.11405648449111046,-0.2371065478997916,0.10423844984879885,-0.7437945828682591,-0.3255812306549203,1.6454814207232042,-0.10262345264091954,0.700481777347834,-0.42894356988168003,0.15658439206516203,0.5216777126790069,0.050675089859375605,0.056205684450439775,0.10765549486597817,-0.3921499251898172,-0.1317611802114361,0.7872987089893729,-0.12666607810020736,0.04856367145758067
31,-0.08690527814008124,0.5201012036031971,0.5672346817610773,0.034017414524145195,-0.25606368566999704,-0.26042823197052134,-0.17672301088665848,-0.6973488729508677,0.35888654325386404,-0.9521526680470379,0.8283166163693234,-0.23060775119971275,0.07400182865186547,-1.1949622721711288,0.9223939407972126,0.06235831555674684,-0.41437620938153896,0.11554205598688239,-0.2768044056230862,0.1080491788904846,-1.4550068550839639,0.9556780806421136,-0.2551482259734518,-0.5619980964323045,-0.13765140660571396,1.1909858802062925,0.09098730281555184,0.3782130972323393,-0.6214133502648602,0.8042110247142704,0.9329305995228573,0.4185729664661382
32,-0.08066780077098358,-0.6043936655018529,0.10523861223479625,0.022773694845337655,-2.7614315799949565,-1.8891716427578238,-0.1457977631823704,1.1952815611041487,-0.1763718648227315,0.8740878383260422,-0.24538164779491256,-0.050074498621166016,0.2123570973490438,-0.3471758041309379,1.560804082233557,-0.22068221835726898,0.06967628910364307,0.3706758296649083,-0.2595300247646784,-1.1008172186949066,0.8261727254220278,0.8283798745214412,-2.056215384872069,-0.8491713433252243,0.704572509388663,0.01771702192773307,1.3885561195933853,-1.6369528023787094,1.6618230861768288,0.5119652811333805,0.4467284103200352,0.1677736741945182
33,0.018484727624602237,-0.09568737973657862,-1.6199124447883164,-0.12629595096009877,-1.3975401182074414,-0.9929297903554071,-0.10333608620258644,-0.5653804852133826,-0.4217719072333703,0.440189651930465,-1.0782686387988818,-0.0483330205010119,-0.2801437916376297,-0.5903909441500785,0.9183661279371284,0.5879366906678273,0.7294754201516204,0.24840274469799783,0.318640115902611,-1.271078056609869,-0.3480415397867414,1.0621165899276828,-0.754902393651149,0.8010801585273142,0.2622500455733813,-0.10901795060578262,1.0707697240872334,-0.08063693482823797,1.026194622575552,-0.1847180494146968,0.8777147360010399,0.8316167321833507
34,0.21197632699267696,-0.09096771541060616,-1.5048587855695625,0.055803346394734096,-0.5743490108174444,-0.47624505318354066,-0.09853076036891505,-1.3128164792883037,-0.5731257530442239,0.18252170988141328,-0.8251547749427577,-0.20789847505242126,-0.05836415504772812,-0.23115246929861655,-0.10843969136030998,0.23404932680907642,0.43356482846460487,-0.4186239560658515,0.3216147993465493,0.4113303709414464,-0.47605672541280614,0.07113572145387403,0.4592062038848612,1.055465018902385,0.328448143189294,0.6150570163316813,0.7885897682616576,0.7708287019377795,0.2345630614718297,0.9079753644318186,-0.43852620227079303,0.3488647313882449
35,0.3013919048504137,0.05777807571023863,-1.8834061326410916,0.01261056950303685,1.3444667598928985,0.43375847263442036,0.22224495392577404,0.13616815213061728,-0.18852999676638865,-0.418947576450968,-0.8438649818732906,-0.06067832265159505,0.15576986655314504,-0.007713307358000673,-2.0378134089916733,1.0381032816183722,2.463552873539985,1.6926868522309375,0.5025530236393142,-0.14190402272883695,-0.6060556250462721,-0.3783614281919344,1.1139893255302558,1.0423087951667744,-0.030147665433047477,0.04488439515937659,-0.022152383120132457,-0.06736338291025332,-0.8815407682588485,0.14290487087051437,1.3882898811078308,-0.44305089048910606
36,-0.08504045654516909,-1.0248402898863302,0.7260042298568398,0.035056780117669384,0.00889430454865335,-1.7156949040140574,-0.6126704821825554,-0.06386723290181374,1.2152728682197134,0.4620746784067226,0.4405716122600676,0.016252118391609574,0.10514266356831291,-0.44999460477265996,-0.03313187655475354,0.0003704977094036721,0.934066297339974,1.028594122298363,-0.7719948918700006,0.2556398697012051,-0.008064853538540695,1.1728666682333746,-0.4582821649545828,-0.08010081847464565,0.8783719349597184,0.12675972506416416,0.1805221641933417,-1.0873160118050582,-1.0551300891143174,-0.019527333621912973,-1.0434440725384422,0.43446515613928743
37,0.30819207836833173,0.251608501089136,0.9886211367933896,0.11711340293275241,-0.28755698928340173,0.010265078079886816,0.015745072698261475,-1.2609744758731405,-0.5267106217256653,0.014749334771718303,-0.11548579748622356,0.007858185575658276,0.15099213488762603,-0.11263681229507728,0.914759844191592,0.16879554180350942,-0.2838515123539279,-0.9197823893669763,-0.39925162337319714,-0.2968870264984959,0.3170051175842572,0.17910038852314492,-0.6041529408515913,0.6855846825867419,-0.06332449857511459,0.3509227807269792,-0.014940377877412703,1.0860066932181207,-0.004854761406372969,0.15557641372088282,-0.609485999083261,0.6184496622994131
38,-0.027421498326951566,-0.39358875513175456,-0.5864308744575516,-0.07928126132593682,-0.8101074365689495,-0.8252672755120125,-0.6242881524106129,1.5933489664088247,-0.34495029481189354,-0.392139706269905,-0.1584700040963406,0.11614380500355814,-0.19201288138740305,0.11765106346609813,-0.23772511275225477,-0.7275514930792062,0.674200565179814,0.0919234286879792,-0.8496061909867061,-0.8661592578886925,0.4987845226505614,-0.7868788279925478,0.06477749975320185,-0.988563200002534,-0.08057511061625833,-0.22154911848813663,0.4370006730739578,0.5190547044028436,0.8043746178268402,-1.1052744527270308,0.08786709571901938,-1.3449579743449216
39,-0.1403812091071735,1.0804650558399838,-1.4788490214925012,-0.24956518633470576,0.6328518200074845,-0.9580807656992724,0.18045634545932218,0.4686699238633119,0.3690365521921494,-0.3377033802008642,0.15140500543498683,-0.06241906249468642,0.1292287126626026,-0.6614053220032345,1.3501257370218918,-0.7134155595562847,-0.5889426665422643,-0.36410614997328544,0.4848238161578285,2.152822082903824,-0.1734057360074837,1.984141664910354,-0.5374180700150449,-1.0114366371518355,0.3026644916574871,-0.31025702256670484,-0.5511441786807851,-0.3480646042938679,1.3175009219482856,0.679505607794614,-0.05517305832146574,0.1885041272975484
40,-0.08897265338527793,-0.795297614099918,0.3813717986410373,-0.09075810507289617,-1.1362125681736326,0.024059504764665868,-0.30555912999838897,-0.14936913057599907,-0.5197360662041326,0.23609993750955527,0.5655998412274433,-0.08227348055707548,0.03057136634834285,-0.5241570250914598,0.635943346855203,-0.15747318513557523,-0.17264191689295494,-0.5461156855642095,-0.174505543536968,0.06627681309678102,-0.40564166572985194,0.3114942577837636,-0.07406916092311013,-0.495636789499876,-0.09866995485025741,0.652815962959972,0.40792378843873806,0.1311772658049878,0.008616574534721921,1.4192378113022064,-0.47572986007870943,0.1869926826521286
41,-0.18333002593839465,-0.9720844301558613,1.5764477543964552,0.21672040176695662,-0.5474290699726211,-1.107095428354759,0.4185412270758658,1.9933964625680836,1.3861585767960085,-0.09329290580969102,0.6840687647819168,0.06292685009657377,-0.1187484036192915,-1.0307976397303291,0.47817046663564555,-0.4460068431493244,-0.6041012061443638,0.07112217056763481,0.8065819698270449,-0.40397389577591303,-0.5235399662055807,0.21739864223102168,-0.7373479862024389,-2.0298537178648237,0.985654991712396,1.4352940035944202,0.9886863725672468,-0.8068769382857993,0.7953340959155978,0.04391598098627421,-0.9981218848354864,-1.3272367899270212
42,0.20858729403295806,-0.8227176652326017,0.25773187917047335,0.175318230531331,0.36887461414373657,0.5366993132323103,0.10834478913057101,-0.05446299496124132,0.7666237304274724,0.9592193815833185,-0.15199947660919017,-0.08869353624918717,-0.00745689585153134,1.1211562001051414,-1.331445133943805,0.11414188801033667,0.18323322123586336,-0.15266188115842827,0.2292430389244826,0.6515363716164626,0.7439874086589273,-1.4408960571520983,0.7032856711908833,0.004860958542332039,0.19497404450020916,-0.11882861187800045,0.20503001164466184,-0.03197796314289303,-0.3733825122248944,-0.3776175066170306,-0.8538708946519203,-0.2551768723176078
43,-0.17884955274257724,-0.7137014425065891,2.4659999320390056,0.18396573934200303,-0.22590960479261524,-0.34483936131758475,0.2913924969138721,2.2485227294304218,1.1199518105004074,0.7584423869022838,0.6717539688457542,-0.06794087653846752,0.2411774327939059,-0.6888945438844218,-0.7595888227861621,-0.3657508024994068,-0.7234077693221795,0.3821477542341138,0.7235659980738707,0.31193369235046564,-0.8064736127001197,1.1534749995246516,0.4325863434948454,-0.9285613941335796,0.7521606088820033,0.7690838768671919,-0.011662051028573595,-0.40873217779123705,0.1549617821250956,1.0829788194605903,-2.003554852200043,-2.4537757059995724
44,0.2976896185817846,-0.36460296321125235,0.09954340073670556,-0.22392307753443874,-2.4113015637583013,0.11551804563310653,-0.3507336607978394,-0.5111057864004853,0.8626668601717503,1.0302881959262375,0.37098456274589076,-0.01705582601195631,0.030803171380579076,-0.03698326228077432,-0.056921396279833864,-0.2737103265026552,0.4187782401656277,-0.10860586174103518,-0.9183339838723652,-1.5379832336790857,1.1158140266550436,-1.5695139703473044,-0.31550441262246537,0.6193900468674159,-0.45764597657640055,-0.5481052093884398,1.5516661068424333,1.1589726657286354,-0.8174132033649288,-0.38243345189092515,-0.32554304025250935,0.027994349361443766
45,-0.13861993284411445,-1.3147426831492923,-0.13815596534329247,0.18857233854091737,-0.2583374004133007,-0.611939422490162,0.32693798967412313,-1.294477267826267,0.03502891460864088,-0.1552563511273519,0.21511098889889965,0.08155033972836356,-0.022349567996415083,-0.4341713855685019,-1.0635019715898109,0.9124377079133371,1.6627238113267708,1.948205624763796,0.20362667555796513,-1.4150128725578681,-0.9424154600938873,0.2763272235655149,-0.39470698189869996,1.1163173320584399,1.1539171393792782,0.22318670802500185,0.38385449704105473,-1.3433930221157595,0.00527296952490193,-0.4663846644347069,0.8933936623540378,1.5288577578796947
46,0.05104464280015289,0.29336407484024873,-0.10487348555383155,0.017789993764393913,3.3625968003528817,-0.6501963247260703,-0.2331411208666895,-0.6829692824393115,-0.4998208265236328,-1.1537271288528184,-0.013904909001935029,-0.019364268552292584,-0.10526820669105214,0.36547069265610677,-0.6965031533974829,0.17241274442714927,0.5991526245822081,0.3234439957884496,-0.38158486314663376,1.872936475684722,-0.7372886122961406,2.3197661515882846,0.752840660757924,0.517361794293943,0.07745864083651002,-0.02542354177208561,-1.9500312665284594,0.5401043868685065,-0.00954280443747818,-0.13632877137141253,-0.3919574309315918,0.4304633608547129
47,-0.11820540083797004,-0.9726783588597538,-0.16095070963637834,0.10396912220985002,-0.8715035664847341,0.18526777106805598,0.19132891369840654,-0.38404622880458544,-0.022941643759067487,0.6737204153155868,-0.3148673225215752,0.053661179620953195,-0.06002527214878309,0.5195764614154721,-0.12870944381140415,0.3682409187652013,0.2629413253780019,0.2463957521149307,-0.30426126400808584,-0.7160566026132879,0.48123891243712646,-1.072149876736624,-0.05149653323665264,0.3277285435994236,0.4291419511376156,-0.32347165414274565,0.5244777508324251,0.0763793361094998,-0.20141478498139867,-0.5787798206852729,0.5743700005543786,0.9329056420002741
48,0.6516377303809777,1.5549696932504276,0.43017340220069944,-0.5467167861963006,0.28848390153482584,1.0303745391195234,0.21371016592679004,-0.03004522455369727,0.8076930220647325,-0.920734341605036,-0.10991801996654539,0.011859590789454094,-0.3471191453179963,0.35961749907056095,0.6519718243932454,-0.24215306188755475,-1.0627376625137257,-0.542487063713856,-0.23738078505854493,-0.3928546216204124,0.8911665859003073,-2.1505021872582244,-0.033418547778888204,0.9643756337356294,-2.436938713554462,-0.6019611370017232,0.12647383300467674,2.2422273884924557,-0.9212677779497338,-1.2803607117843194,0.3715329074466317,0.1590940675268332
49,0.25103623185813073,0.7197913813178437,-0.14996182708610525,0.2980471189158596,0.32420400728923204,1.423354379513048,-0.4191118094031822,1.2439015305308923,-1.2100647353377687,0.5520985990771538,-0.32352373897387526,-0.031032571954382304,-0.12072177253313136,0.7010318978010198,-0.24767221082450674,-1.0314187616163362,-0.46437966900746835,-1.6131808887608488,-0.8884622132517179,-0.35833918655184577,0.6482802224740053,-3.1138874882373195,0.7937009910196059,-0.3792028360495064,-1.2950646821127658,0.322661789350555,0.4817978087621033,1.9647002070057082,-0.13858250863535126,-0.5184342823701631,-0.07877688025372354,-1.6357934969536683
50,-0.21231445496825602,0.3325301555004779,0.17748078740052473,-0.32118712405773947,0.624842832767919,-0.9027271723270893,0.08750458618973078,-1.0939742784932454,-1.204979385240141,-0.18348841562042706,-0.15440963601538638,-0.027307005813141747,-0.06393172351239976,0.12314931446799691,0.560394218320055,0.5032033009652651,-0.645663189435491,0.4507534302315591,-0.21080441449698728,0.5860020849582177,-0.44533777726184665,1.035419170979528,-0.8158664364608545,-0.24790775026771877,-0.1550446398114002,-0.6409370481702223,-0.11983063886506648,-0.6907300048302784,1.494881450768431,-0.562305894819501,0.008097456312258083,1.3716444316438614
51,0.19016505779135598,-1.105258715019112,0.17684169489112217,-0.06262580140481372,-0.14401493007689742,1.583204688116814,0.02748679309069263,-1.5141446051011964,-1.017226887320135,-0.13235567419008898,-0.5549292802442737,-0.06379084039019803,0.18015208311391107,0.3972430378632332,-2.1095295122036224,1.0919959994351356,1.143998084309718,0.5246346292639052,0.24057610646930175,-0.4779540069332945,-1.1199672504703326,-0.8149943808825612,2.2253924103228457,1.2508415256563576,0.10295331172484555,0.9930879809993245,0.14735577583433518,0.9483848801400497,-1.2264343364962333,0.2937029522170247,-0.026131567437811892,-0.44045881063088976
52,-0.20501236867152314,-1.3502331620455001,0.33314653358595725,-0.03331728591434059,1.6424674351455966,-0.6596454729756136,-0.0801298755565045,-0.5829820866456861,0.4777860635151954,-0.7527465385206942,1.2840027108241545,0.11022369162341178,-0.16022707161900004,-0.03351486019956375,-1.009412017238445,0.2493973579506581,0.39344968972280536,0.6072969826109209,0.16901405357733024,1.2769777889073992,-0.3970907831467908,1.4002753932535617,0.49995479480134425,-0.7686079885666043,0.6355980779250979,0.45605934915076546,-0.7614010109278495,-1.2157470662023744,0.37456337949842755,0.112047231659851,-0.009773232715122468,0.12859773858479917
53,-0.10273093639280498,0.7381990404894067,-1.368649429873119,-0.0744778210307415,0.41701583776893125,-0.860396027886716,0.07356185951369806,-2.524300947614243,0.33054776362433447,-1.4023058242478266,0.12533065550290867,-0.08181390461995464,0.0846653197203447,-0.4189530606200457,-0.36241769815238034,1.3115824967448493,0.9244406893487396,0.7405803390149557,0.5800835114332741,-0.4223549585427206,-0.35162571745742655,0.6551531601430527,-0.12025959276259418,1.7950201810763695,-0.023982626383985517,-0.3104284383627919,-0.45528666285563246,0.2546796287412608,-0.3784802110672545,0.17585068356314137,1.3976591389573725,2.6730691140024385
54,0.3456980078020044,-0.18886403270601881,2.080977180629048,-0.04818091981472305,-0.307833786749039,-0.36381734058868387,-0.36474192133542727,0.381832798187457,-1.155033084789666,-0.10749667803573595,-0.24920280274197848,0.0037505893602074332,0.3359196030399512,-0.10021246928286762,0.3072620454863421,-0.35971692569713615,-0.15264173401589806,0.32633976500100104,-0.9957345571499094,-0.3676952377124626,-0.5274145722545629,1.0372824833289622,-0.3804424992958674,-0.11178901179532721,-0.17988836522542237,0.06078993220476565,-0.05309950060837945,-0.2542866467829779,0.4893571406405801,0.23310508344873015,-0.561633829878332,-0.21246623347186963
55,-0.17420245769177214,-0.23863543198284834,-0.979571100082675,-0.12325424935393087,-0.5409165561588194,-1.2110163103946774,-0.03146177387579464,2.471642724744873,-0.8742841058632272,0.017018956200902678,-1.0531223264181109,0.05568164419967691,-0.12247239082343035,0.4977896361367319,0.6105026544176753,-0.7536437008345923,0.1839056414522422,0.34590131249790146,-0.34528467038174887,-0.4717694136259103,0.12300800712393839,1.4877175602994792,-1.0143429385287392,-1.3950518716380957,0.45129411239739003,-0.5201710841609478,0.24073714941111904,-1.3798700996811062,2.6165018846502246,-0.3158540066625525,0.5303359313641105,-0.9820645338914473
56,-0.40481827036926216,-0.22568478973095008,-1.5327335981158818,-0.16007140605484213,0.9150433014087789,-2.3605879069796374,-0.2965966866355816,0.018001620139105473,-0.7353486095795709,-0.7683494021954173,-0.32305984355787165,0.10795125666436423,0.010133240929458453,-0.37729761128359046,0.9054934689759147,0.568174987285695,1.7633436342352355,1.0389737123476825,0.11465010646239007,0.5894628337652656,-0.5874360687678419,3.541509901711234,-1.181120755468054,0.08285147926258529,1.0586671442602722,-0.31230634028598664,-0.9272565076197663,-1.7959316828470206,2.0103834684518054,0.5863131936656611,0.6492947591272834,1.2224624458934141
57,0.1267943577653151,-0.45640627076308626,-0.5366707733919962,-0.03952305452676817,-0.6590728955539198,1.5020763666941188,-0.020957904340347555,-0.38159279597771806,-0.1408737251620802,-0.20128572228872063,1.0991630687552776,0.033240724285403124,0.15626177413191053,0.6282786805721429,-1.695497545460836,-0.6667379252631085,-0.04501200661788651,0.12452880730866832,-0.4527969780392443,-0.15679300398084656,-0.08586382630809444,-2.044216050571558,1.4669302787451264,-0.5740426621033692,-0.6845161645274455,0.11564980444690345,-0.24049235934472804,0.6776848163567566,-0.9182268048267219,-0.0928826602552245,0.7341180128643827,-0.6815558982176316
58,0.27821429381923934,-0.474639987287845,0.4361377648379028,0.14856333932907906,0.9397767533144106,-0.48123848590322077,0.381508149333063,0.44146381662284684,-0.022370404672793,0.06201018095591898,-0.6095870487139936,0.16721443646988307,0.10081604451101733,-0.14580849544803132,-0.12266161324092886,0.2953333235703788,0.23432369305622394,0.2966093576344301,0.10101872957345076,0.17133108591342527,0.7797447506362851,0.4331242548582869,-0.3578147759514688,0.9174919718429183,0.10456679962527349,-1.0191674551547596,-0.4753616428550236,-0.07861013910784746,-0.07774552959132619,-0.5952998716499716,-0.32413929357961374,-0.15974633029184102
59,0.044119354838195915,0.08368483237015494,-0.39114242729354504,-0.09661836312740038,-0.047424238971051365,0.3571629686060605,-0.28090435775527,-0.12142846420367077,-0.5964853788184812,-0.04299116791127015,-0.708947467735351,0.08280362165487676,-0.027324050102915803,0.9223539323863499,-0.16845117381361613,-0.2297097502882042,0.3927209081778813,-0.37317149407957273,-0.4352659729478093,-0.3866923492777671,0.5657987137494476,-1.2782316587418017,0.4678981175118033,0.25147865852749063,0.25419648052322175,-0.44590502167487084,0.1678200344145684,0.7853023018103458,-0.4418400358954623,-0.6071806343806054,-1.2545811733898455,-0.7335597214227243
60,-0.5157183624945805,-0.96169645465451,1.7341656858214682,0.15635553215453413,-0.831914417587104,-0.5963726844424444,0.0544281328888829,0.18157207763095762,0.43539598325606244,0.5264756670411994,0.18461534057832774,-0.05358777685950784,-0.14145654695463128,0.4155327675394387,-0.8122710782834952,-0.35371786683069556,-0.6764196389711359,-0.3729981847180678,0.47854383068550194,0.5931795910358919,0.14744683601646577,0.6251600503910946,0.20606579996925045,-0.37875560700331407,1.1687147384868943,0.03097211635889477,0.4067049104624635,-1.1345300470463289,0.8180702331345198,1.0023356291584915,-2.213385891770579,-0.26679383132113477
61,-0.1371727484033785,-0.5931437489013583,0.9149296617141767,-0.00227692607332608,-0.7087518957830077,-1.5408560330286298,0.07346251541775642,1.255138812124377,0.6232146300330799,-0.3385497702481943,0.37788067439172907,0.09404123284355746,-0.008884757931459694,-1.2940711638059292,0.9477490531168702,-0.7542099061601154,0.27435579694126033,0.905897506973683,0.20962177117133962,-0.2566805293831559,-0.330689622448181,2.23377974548214,-1.279026451731174,0.06343960270533838,0.7988491554579139,0.42577305347519917,-0.37026160671938557,-1.2630394856438845,0.598674169084556,0.6231863695600921,0.7177685109462926,0.18597176091049733
62,-0.1416937427762932,-0.44861856736136785,-0.3798399543854623,0.04173117153371199,-0.46746991223567014,4.187831683289637,-0.30194667969846894,-1.5657133630242221,-0.6688810917190036,0.16333735847752037,-0.2395274940312034,0.017594922314703235,0.10529138456639994,1.5025568181007993,-3.9262048911045504,0.6744510323457423,0.7021615593471381,0.26269461540330435,-0.7119188302934196,-0.3378441037044652,0.45088982937499567,-3.937957445884049,3.585632580432209,0.563623759121534,0.2015263728272952,-0.978700506393167,0.3323566558711928,0.5270863557386115,-3.4124550345125493,0.05633059220233233,-0.016331562361552476,-1.1618217886081263
63,0.09834568181528751,-1.3514174568921895,0.19003295656355268,-0.07326168609622971,-0.8386425669655735,-1.1078103934793844,-0.22716180887191587,1.6278372570321957,-0.0006371747052756893,-0.1906879136755463,0.3356895318019669,0.03840137068435182,-0.1564377394006734,-0.6186168804614512,-0.36247713983648144,-1.1858933943183778,0.7360540601463653,0.6025569920153521,-0.04227482059289872,-0.3387771819215538,-0.5597242961753814,0.7581061092823262,-0.05086015119149214,-0.7092031779251599,0.5942501451268527,0.7533234341963942,0.39743185529850533,-0.3158674686448408,0.5154832060953842,-0.3281869249145744,-0.4018637482865244,-2.1788543808235756
64,0.43523781250647553,-0.7247647513713761,-0.737061731715306,0.03394930693170456,-3.8186974702061995,0.45202714761166873,-0.30401977963263715,-0.6789900820992384,0.4343472468436193,0.5655742687734032,0.7921981366535047,0.10690890325478486,0.1672889634258303,0.0921761232772445,-0.9223037588871538,-0.3738215958050415,0.5228519611423782,-0.4611146646153085,0.11006001675312063,-2.630738313775908,2.0128569817121216,-4.501794172236971,0.39298047992199003,1.0557886866256914,-0.5838727517530338,0.46051079102923653,1.582073372628874,2.276556198655264,-1.4694130060870794,0.15491400765372682,0.8708970099534233,0.15254433694359562
65,0.10204035419136384,-1.4281010510333543,-0.17253687355195568,0.1589878983393604,0.2350593648361618,-0.6579129679886103,-0.5396993510946988,3.341093678888868,-0.4343833812001286,-0.04028696623753078,-0.07812898453600325,0.07966470076260675,-0.1571524101077813,-0.023055941327589688,-1.6652480273198687,-1.0315561461981273,2.2952332656014147,0.8479103321917425,-1.167210940938742,-0.4538131729388392,-0.041452248935543445,-0.48737339661418827,0.343807542285149,-1.0684499299832158,0.026298951055504116,-0.1871310534430487,0.21999089526326737,-0.9086494321295833,0.7949637126513107,-0.3346129143432338,-0.18443963236908598,-2.702057606684343
66,-0.31504673165665825,0.8658536330514304,-0.07531536050365886,-0.32260554877884184,0.4674434159280867,0.16103567263379398,0.013208176636281196,-0.12692932083826086,-0.08466078093661615,-1.007267056575505,-0.05502071598919156,0.1462289615946431,0.013189916272715235,0.6343284826283748,-0.5530813877679616,0.25941581810137526,-0.3169757489744175,0.6618457610424378,-0.4848077506392108,0.7450745687249636,0.20287300930218666,0.2337114748499574,0.21804871889236258,-0.5633742611419199,0.22387651376697051,-1.0647262635132413,-0.37418346860449286,-0.5388920919810006,0.8988280355350807,-0.5429058812412066,0.2501071073735288,0.12422109293915823
67,0.41555150445130556,-0.7625276097307732,0.5228730850054613,0.05408682201691905,0.6735512802035746,-0.035532573214575536,0.2769977279367793,3.069895122469551,0.16818708768966026,-0.5045529304391638,-0.34707191739585425,0.04573928663891685,-0.01971934967857923,0.2768875945578344,-0.8547370505233552,-0.7427563507391303,1.3161933425104018,0.7920857527317406,-0.886478511576593,-0.5922732257412167,0.9493541753363723,-2.710795153073764,-0.14716404650509254,-0.7062460288433733,-0.18098138803221933,-0.9061706734018917,0.36115270690226636,-0.0792232019499973,0.037535147544925956,-1.8363398481450999,-0.16013132907163172,-2.0018420943665114
68,0.5017354749261328,0.011048619397626358,1.6701480244749938,0.29202093574014476,0.021195880333664152,-0.7547436806436174,-0.38991953901853643,0.15250595753221766,-1.0789836495266896,0.16015805714879525,-0.6753805874828256,-0.11519602018413971,0.12002375763176326,-0.1640184749985643,1.4382120347011227,0.08901973286703066,-0.20683589120129092,-0.9161518094663813,-0.4921857691750805,-1.2712410440634707,0.22965638781745085,0.010910618792602633,-1.125281224309634,0.5839099223004446,-0.5472881232229336,0.5723628853373532,0.0665048124974866,0.7394276881912775,1.5227837789748564,-0.15010346411502112,-0.3772571216752273,0.8106055846381803
69,-0.14261766171887263,0.14748112772440866,-0.551247298495657,0.3196227062890047,-2.1973462933273966,0.7946480689914572,-0.2243104022566208,-1.9041472732667548,-0.8653535367813405,0.21335487275471451,-0.07558247234737019,-0.11665229791948832,-0.06090611729165446,-0.13206743806232557,-0.41815278037457954,0.44315200302260277,-0.15076898729244917,-0.35043278114538656,0.14669284524744947,-0.7642984448857029,-0.7548050055372539,-0.37698513982774406,0.31577233439607005,-0.21887294163540472,0.5622158711499505,0.9010311066345391,1.1213731620387557,-0.621123758553335,-0.7013352050449471,1.1621248182157706,0.3874262856921165,0.9522033258221253
70,0.14488409393700652,-0.7163871531708255,2.4940308507823956,0.2959009525126557,0.8902910960534735,-0.23878722657953255,0.28303956450343926,0.2769448598940736,0.03773561196953812,0.30114631286200433,-0.09905342771016484,-0.06680924705442601,0.08563535652363011,-0.5407531768656245,-0.022195397272166156,-0.8770730305676958,-0.9554578113409223,-0.5595775138181455,0.25356444120455823,0.8923840084751313,-0.12178661173352306,0.87192178053867,0.015849844980863337,0.9161056980245874,0.1287958887867129,-0.010945492521414635,-1.3288181069311022,1.0250658637362873,-0.06438007384151667,0.06544643334564396,-0.991956420658653,0.004246862907028831
71,-0.24612792832509353,-0.8037892117921978,-1.10362808331649,0.2438970747938043,2.4658500442039575,-2.5999039476150387,-0.0072572321974895965,0.07545638279340328,0.7119991599173338,-1.0024042918710356,0.38779767663859277,0.11687873166945519,-0.1274276756754739,-0.30911902520111056,0.39686397772215576,0.013774211424993105,0.8970246560680077,0.6935067654155568,-0.016003149749946294,2.2164663774954607,0.287969869639605,3.524702349110253,-0.865188982713893,-0.5040686153381594,1.4236330029106785,-0.22771766422491835,-1.4929352178427124,-1.4285133771265939,1.0348875240465838,0.07215725752811586,0.21252889909493836,0.5739401230536982
72,0.1736594871348039,-0.7609015630321301,-1.6011684561098058,-0.2365881869153157,-1.6370025936497834,-1.5686228177858261,-0.014544885109622707,0.1899514294027079,-0.3309239944064968,0.5268981825822958,-0.5265962078957878,0.10879230934249459,0.05441674066122372,-0.5964457448055358,1.5981371689111212,0.04258619023096882,0.43582282944884954,0.6303147430486215,-0.037086686636497265,-1.9984747832852734,0.13068788723554034,0.2193563152591243,-1.6192222164721883,0.49938244909978735,0.03036612162697172,-0.3118303064060552,0.8888758138753838,-0.32693865118534315,1.515261900705985,-1.1065667659128489,0.9229755584667607,1.1047884882312697
73,0.540190853798065,0.2984108061721641,-0.8523725702489219,-0.07706149902195095,0.2819918637076702,0.4328554939202656,0.009937398167122621,2.212168924111703,0.11605232936017157,0.16954235554060756,-0.814604301423232,0.04632600697964477,0.11246618492956531,-0.11873667980935891,0.4585880356449166,-0.7146829027767228,0.13781881388559986,-0.34788115252375246,0.18619304438199039,-0.8945268122596652,-0.05243639231717622,-1.0063569342070386,0.24776557402383098,-0.23471109177772187,-0.7903487715200487,-0.08395546087462005,-0.33181299113153945,1.0436039689843972,0.30475751243451876,-0.8564566722415742,-0.0880986968439815,-1.8283472592410046
74,0.32706787022260714,-0.6062820645044372,0.9186617123687796,0.0571863802841192,-0.7164401168315642,-0.30701955793667113,-0.07308259817821207,-1.7258241300639974,0.6241866633672225,0.5264243027119044,-0.3445624035600595,0.09786599361165532,0.010143779223420137,0.17002608432313387,-0.07768571600059981,1.2517909191108785,-0.0981377185265034,-0.070581562677902,0.16527520084214625,-1.7097272121333913,1.3345722734905814,-1.6936155193970888,-0.3500253847904151,1.9303360287983307,-0.014443399958213702,-0.4218337007794929,0.9204478675239376,0.6939191907024338,-1.0595745959193814,-0.6743458003411303,-1.124901095324117,1.4003327914739292
75,0.2847835128262023,0.9565610103699835,-0.4292995166046837,-0.1876236330088833,0.8385434921103996,-0.625119757364873,-0.042466447236843896,-2.0434525316619823,0.37331926618449185,-0.21293249511369827,-0.20457632146023816,0.09168725457329797,0.1880532596805736,-0.3399456715963166,1.4569679877108566,1.0979676196881445,-0.27794081162159506,-0.47691501066368536,0.1541348632070096,0.4715440190152019,0.4099576466906669,0.23587512891795653,-0.7453798648318375,1.8493562848072758,-1.0093130199903322,-0.8672335548165346,-0.8529828235973019,1.3092235561660133,-0.6268964667829837,-0.6247903491966014,0.19030628027149354,2.3377777826930872
76,-0.31747214869914475,-0.5733757127221982,0.3062251595166916,-0.029281890047565262,1.4193395859732303,1.4606076223555913,-0.17585285314764554,-0.31293407962298375,0.2307131689494019,-0.835246505402213,1.2409426298333508,0.03381074512473988,-0.42742569692112764,0.5159868493343024,-1.1224778237390696,0.01733185514753091,0.6166764939237904,0.36161922556103465,-0.6562181019364217,1.2074830973781596,-0.554692822460517,-0.04936609748866605,1.01493227111579,-1.0121413717510017,0.04566274340007304,0.3858583580241342,-0.6569945705135809,-0.46774855337889754,-1.461779626867309,0.4236457946098634,0.4265003319170523,-0.3591336953702891
77,-0.09807438333242184,0.06219294561749328,-1.2184201524658869,0.40810312274949756,0.6518887415591551,0.5772284619404857,0.26453587584941385,-0.5054678905894511,0.755575860015452,-0.026475963096014854,0.7928027823896109,-0.09498762874442684,0.007393248270252739,0.23988343641082463,-1.3838695357221138,-0.17878310688641397,-0.31965297668771664,-0.00877431358483963,0.9817946187003729,1.35664915411155,-0.3552487282732387,0.20400555064858505,1.1134872906592739,-0.8509109886902856,0.27410470135139553,0.8546549409902804,-0.6271341950435381,0.048339938251856895,-0.740065572145711,0.5714425087119732,0.6858840847567254,-0.47962067664034563
78,-0.297539529854394,-0.7260040335967308,1.251780646196568,0.1872961346715139,1.2097784584011457,0.6609698255964273,0.2276474080594836,-1.2675561483656201,0.9887553839530716,-0.8336759081573859,0.9283802646723291,-0.08467387879811952,-0.1793533040002177,-0.007098791337154561,-1.7418292350927393,0.38389532309645735,0.5766207356676921,1.2309943494541922,0.13718226350831028,0.8483083199664703,-1.327409567409307,0.7767473734808529,1.0461236555328304,0.21159871486906123,0.8953544831726542,0.42162235603341425,-0.49188685533993826,-1.1982354602863388,-1.472736477945464,0.4236545862390835,-0.6749445155094541,0.49721310474953206
79,-0.004249616212767593,-0.1462446533949227,0.6880892597963791,-0.10849091024088907,-0.06021315206110531,0.7505537694061324,-0.05189366215837707,-1.9863613192335523,0.8296837344076492,-0.14412808698298915,-0.11315863162001094,0.003689716883575353,-0.011564864288965873,0.16326562924947505,-1.257432656753512,1.3402508814256877,0.7610248457074851,0.6667339247770593,0.160259957674867,-1.2117145644508356,-0.15356017882558037,-1.3780229301620115,0.7352570969001634,1.723901402735414,-0.18231826156521397,-0.0850945921193548,0.6623032741312131,-0.23314898111904692,-1.8799510694290886,-0.3736051487723488,-0.45800237305026925,0.9765199000075848
80,-0.1273007511998433,-0.6692700014881546,0.5808846271195806,0.2364357566711484,0.5909740277275733,0.9561586995866609,0.3425982385414725,1.7026290351137476,1.2731306034621257,0.569651807598383,0.6844529814334925,-0.01917500272375238,-0.14980284968552676,0.023127065704616444,-1.2254644417872527,-0.5606080964608027,-0.3653016681833783,0.0040646517310985175,0.6880463130825336,1.053743255734036,-0.10822040509067558,-0.022811619129426586,1.1700546938888958,-1.059865527135766,0.3501047189250024,0.11599217298664215,0.00989269274740745,-0.6535875596002088,-0.7316638593178031,0.36479680614432614,-1.2899913437619548,-2.442244397596993
81,0.11484653047500916,0.46167039728754555,0.14022984124786939,-0.26893702300281996,0.14818566730704757,0.024663413961135677,0.3989548074056689,2.547131124537058,1.594955038218984,0.004801880015768485,0.35724628244462725,0.11877232114042109,-0.16896172060039466,-0.16105637413329538,0.9165393015064451,-0.5964308274485661,-1.1546586227083624,-0.2957055821962411,0.93026075861302,-0.1571417218482756,0.9292511092142499,-0.42540216131620545,-0.41346714184677963,-1.0036760444179387,-0.45508948631100743,0.011351375021256344,0.13194758344624868,0.4334023110118487,-0.24075831865133931,-0.12585339841296195,-0.38335682307583485,-1.6024375174434224
82,-0.049435860803519555,0.3984529251430418,-1.0393649048490659,0.11455123553118222,0.5061107157046694,-2.6993242756319846,0.23299257822559313,-0.06403110235911348,0.181414474192678,-0.11332268029831023,0.19476345913445978,0.029221165757852285,0.2341804312469441,-0.9118597753748009,2.279684347416556,0.058519443248571265,0.6270787712324111,-0.10366614579414193,-0.33648727697204417,0.9397342752024832,-0.4874565906751588,3.397844210539844,-2.4337845187887535,-0.6238555632910309,0.05526686691886229,-0.10843407079739112,-0.9653189174945065,-0.19421813443702635,2.6726684068313875,-0.2393171067554164,1.0881186759116372,1.9220154336403523
83,-0.2915745046277599,-0.9976120283515749,-0.31165583537458474,0.029653754346309406,-1.0199693142069857,-0.5052472587671095,0.002482364812439561,1.0637294126892234,-0.4001718340197551,0.7755893746094151,0.20727993025543076,0.055375731286068666,-0.19075775796216335,-0.13767064802739964,0.18124608418932386,-0.28236410664932954,0.2320686777811064,0.3600687795665762,0.2894889218262662,0.09312344918067494,-0.5383563373831355,1.0959886175405,-0.29941938541722846,-1.0833790305357152,0.5000930526157102,0.6342169398560438,0.825114035392741,-1.339021405703271,1.075936486076098,0.6559987835200278,0.10460968143615618,-0.9007387509153731
84,-0.5884802032089435,-0.6307545351005642,-0.15238536715935558,0.11950437145910792,-1.6318665178077563,0.22833012998836083,-0.172473491731271,0.7807006800615429,-0.4127584955671103,0.6205708908037675,0.32766222179334287,0.12767122697267405,0.2853579530910717,0.4943926909339151,-0.73405916651218,0.27812593826972604,0.9140490061468844,0.5678026712390969,-0.804572536168678,-0.34188685368682803,0.5904504965634292,-0.4009912911319211,-0.11780160761101399,-1.38478017378449,1.5522008072104398,-0.08893411294604267,1.0712351427297673,-2.007616457551449,0.5214635372765178,0.9053482433218576,-0.04673074570222505,-0.6840992266353476
85,0.02583717574730507,0.5640334712223486,0.26624740870046887,-0.1083928983235995,1.8837629617630833,-1.1498677666626484,-0.09817635359857156,-0.3581581917592661,-0.16193347584145648,-1.0838236988011105,-0.05716666276898638,0.06971678722962908,0.02328982522073069,-0.804189540994323,1.8270008649896656,0.5691387798909691,-0.748661235402509,-0.4283029562429421,-0.26126889709727946,1.6951575720853433,-0.5786412852363668,2.4189775148665094,-0.5515407092999381,-0.13554417284072423,0.1137921003178542,-0.39098473420988356,-1.601675283614148,0.7067323869437376,0.9073459190351347,-0.018589851581263556,-0.3421622485365988,0.857716396750806
86,0.40629376892424407,-0.08179718816227574,0.43867993655359616,-0.20531110393962682,1.2895290877606458,0.37691438993988946,-0.0874651930868253,-1.2013170771993944,0.039393164236325426,-0.3719246675570773,-0.16231839094389,0.010609233020109375,0.2999054671120262,0.0731654385980306,0.2434183157563559,0.8406501634212225,0.10579242116020357,-0.22933834870343014,-0.5143652482423583,0.8573165321597457,-0.16540238319355438,0.01365002817319455,0.4497925159631108,0.7673955354192382,-0.501424534741634,-0.07276535158524677,-0.8946291790990097,1.2437687339107355,-0.7915098736341302,-0.23559456860452294,-0.21915055154394278,0.8769569104980257
87,-0.5597977693766328,0.5429544416398349,-0.150476231255476,0.27517173861161204,0.8894949396748217,-0.5411729344696161,0.2176869615019698,0.09814368973962309,0.2510082258762621,0.36170670703742075,-0.1313344212901747,-0.021894925927672153,0.25349940026735096,-0.6402538854613342,0.37893302585430644,0.38345574630463297,-0.3493488151162243,-0.012932384580592815,0.7014428303809157,1.1347664360029857,-0.9637475683289137,1.8391359876155435,-0.15675976396622016,-0.7524755616999783,0.9400322795188776,0.40605935843620355,-0.24986744337521002,-1.3520852916149344,0.436483642545099,0.7340580894722216,-0.44722538897484565,-0.043616380291109466
88,-0.12166242475005688,0.436723961923859,0.05678338195756784,-0.28295176729171034,1.0046046481296809,1.2803386324203778,-0.6356553863072647,0.01655607311993537,-1.5602601194563066,-0.8088563411641544,0.12742697121979635,-0.07634917372822471,-0.30882955556602204,0.4000812416652466,-0.1990301886274925,-0.5878421776332535,0.17979546177279845,-0.28364547688809144,-1.5102468678061007,1.0227093061594246,-0.22107482566667364,-0.145424066221978,1.0184999855398682,-0.39170451928748584,-0.5902651025157455,-0.7061438889903293,-0.5929777805302293,0.3711623930184445,-0.6653447741950334,-0.43550280232307237,0.8895567877802486,-0.5057517138410493
89,0.1055100232395673,-0.23751793020686002,-1.566943291372738,0.11060286373754125,-0.928458381679692,0.6481278377993361,-0.03698212950055799,-1.2566731483914853,-0.3302055064738718,0.37402844052184697,0.039835860266393505,-0.08471688710739944,0.3855045002767496,0.17155477459748392,-1.397409887033913,0.8747308979949553,1.3480295430362716,0.6041000787777004,0.13867536741272146,-2.517821287657809,0.5151346805972536,-3.0456668338354205,0.5451545118713419,1.3268383180190346,-0.062249707255789544,0.13331130664631,0.9835342817732272,0.5271477477700515,-0.3913486751748992,-0.6393401803077857,1.4806524595031088,0.8579842392440775
90,-0.24861919232299956,0.026814090377417776,0.0796363007962707,-0.033335947861912074,0.24709767025730117,-0.8496426419891079,-0.11824083072128219,-0.3156375868425011,-1.075949854156997,-0.11791219270415348,-0.26641055810180947,-0.011595163316855008,0.00872808442810755,0.15168896485881406,0.6280715170951047,0.21952050616340088,0.38378203020915297,0.48134105032813684,-0.3236935142964772,-0.2546380775529677,0.15450834720608972,1.4889232256126135,-1.1850029749155113,-0.5049720118464218,0.4823664186271483,-0.27043128739894007,-0.03654578399373724,-1.5472866894014747,1.3904706253554775,0.2438870700280612,0.5745790650239446,1.2938972320679754
91,-0.1780372428063663,-1.10378094651492,0.1760731923194809,0.3544006359635272,-0.013311657311722985,1.9866974273451046,0.006854747672359329,-0.7666313273091049,-0.5283180839900985,0.5390654888184753,-0.914343862976112,0.07788919254066638,0.16679312183752218,1.2912370578637389,-1.8716724681015833,1.0071673817664555,0.883409555852088,0.2149858137736922,0.21045748780778337,0.663989581022615,-0.4139406137391341,0.4521692265577224,1.814015694242951,0.3184178041131842,0.6532991718259207,0.5306879017135244,-0.5198236195606779,-1.0783060094821375,-0.9350140799537938,1.1508424794708465,0.5909591877209758,-0.41380644843425185
92,-0.4748915338495677,-0.16339133067580788,-0.2854595324104592,0.054884252394014565,-0.45084053325717305,0.36625688875840223,0.22542917481816444,-1.7778734960647085,0.9162370536619919,-0.05825169959517461,0.40406073213896787,0.036300710086367226,-0.017311130857686152,-0.36308361278082824,-0.19225791806477105,1.0121868547841757,-0.08547677475138325,0.3692570236189831,0.45948776650083595,-0.10765793803962409,-0.4075887427090327,-0.07276367390015673,0.4152312155573413,0.1866969895011738,0.9007992108852881,-0.10014437946311042,0.5414782353525146,-0.6637959504525774,-1.7037562169035976,0.30808845809994134,-0.5073656165064993,0.9408033529987031
93,0.8975925967591171,-0.10093825794326233,0.7272667950455707,0.005549719016727489,0.12164903162996712,-0.8575469019501437,0.11019436396264044,1.5537920531866065,0.5313511974588726,0.23227075381503234,0.16308915747148883,0.019746422653178865,0.05181382268415866,-0.2734318805720005,1.0737940633343406,-1.1350788035379729,-0.46244208998079306,-0.6996780958508011,-0.03325183871417389,-1.5909885205105434,1.2997981899500206,-1.783945849449184,-1.1890009613882975,0.5001489085621635,-1.290978510761946,0.2868628646597212,0.42531959044955314,1.7581544876180186,0.3399789136542516,-1.2204078091316075,-0.5818282949783216,-0.6286146053039013
94,0.41099079483918405,-0.6864151690287188,-0.05644535764328155,0.0165083030662401,-1.477397263244342,-0.2752602870719293,-0.12430484329073153,1.3873139257919491,0.16466400693592553,0.2727558361082986,-0.6276566821817348,0.0005791364929608107,0.5399442401320644,0.10722437605511742,0.6324740927672818,0.05618412316225874,0.074829005846865,-0.49622975068501085,-0.6225164543611201,-2.265029576092657,1.60755190055254,-2.572545217060403,-0.5146365848384431,-0.34751935543864554,0.23678582704924717,-0.33561534655572667,1.1694284727088409,0.961151888899459,0.0075612822856704065,-0.7277077056843222,-0.6561676817732695,-1.016878865848479
95,-0.5629165212841903,0.6189178408410453,-0.14363240487868645,0.17874094593303017,-2.2950048069913405,-0.8806783992311458,0.4166802514063852,1.2608312544033624,0.14465832668067669,0.12323374899736106,-0.4552683453794928,-0.09660754955414123,-0.13022217041542128,-0.13984192600917328,1.4949767762488413,-0.6255750601944846,-1.6931891104772196,-0.5376340889333575,0.9108807593024283,-0.20655755108273433,-0.7377058190891959,1.7679934998096107,-0.9811183333059816,-1.5279074005298332,0.750471326343205,0.20478121220981038,0.7790408418276935,-1.1228954310996981,2.1177727916136866,1.4341344471697588,-0.5597487133518774,-0.5012445247419919
96,-0.39565684777414967,1.0456608969527994,1.2307316151040917,0.009772501393356836,-0.8494807104259298,1.7281055574364776,0.3202966673733453,-0.021315320785052785,0.3970914975506658,-1.327664239655415,0.5570949503418618,0.12612808087338057,-0.023431512016381155,0.6929606612974389,-1.15352660580076,-0.22584139195306863,-1.3246680977577947,-0.0885092147615501,0.06813322101918001,-0.5456017264332742,0.928105645703619,-2.7385689165216935,0.8472445864168889,-0.39006111363939355,0.5350675598025723,-0.5705853721034093,0.5532940560897533,0.0016148108742204403,-1.7450328764313827,-0.07401313826396912,-0.6382530581002995,-0.8708962603995443
97,-0.10815501118474918,-0.4659898507869987,0.3680530078252438,0.05522083212222485,-0.19733462331916615,0.5189576476886782,0.8563614418842889,-1.0128231343138363,0.8737218607200379,0.3003003770034686,0.22032666744733906,0.007850222797837139,0.21878380723170368,0.3479190337624011,-0.6144797653039914,0.9442737555439642,-1.1631639673796343,0.32344073699022574,1.2925376007748708,-0.6693414094031784,0.2793928650854794,-1.5052330754636005,0.5784125276038158,0.27448555101597194,0.9748525433268667,-0.10026860751407785,0.7655046295896542,-0.4137066110926506,-0.2850966375012247,-0.11233475315737707,-1.018212680341474,0.14960525019006132
98,-0.016540502169963327,0.9642684935881156,-0.34047457985822116,0.022923703979987393,-1.2661707724592426,0.5203559267345432,0.5578698915330123,-0.8511614763883175,0.2690315007301637,-0.7165782625037318,-0.5350350098161218,0.000253520295643901,0.07738475785804179,0.5311424632313092,-0.49256512337077174,0.8403746337442151,-0.5308006767488485,0.24671668739841388,1.0668177605062905,-1.5239575764236337,0.9812852971696387,-2.192399287762126,0.2876289217209509,1.1118876739209342,-0.20056383215023682,-0.3633229120874667,1.075730282536429,0.49206660292576765,-0.017652995957776918,-0.07024539308598104,0.7810056936355969,0.5456742934873441
99,0.5166509468076117,0.39635552605488455,0.13566615569335128,0.040457246388045015,0.2330726998356233,-0.7945333872985351,-0.26107861643673935,1.360147563140094,-0.6303126129650134,-0.19645632606637947,0.16605906500876932,-0.035992200084194535,0.13682131037298098,-0.7265782612037783,2.222278077526521,-1.2018837090151706,-0.34478910431080556,-0.7238352001896848,-1.0098794883399715,-0.932823027347297,0.19876858373428288,0.45260289384273467,-1.779682142319661,-0.11527886317052302,-0.9899012146608285,0.37609913656755395,-0.5298132229410242,1.383860924374142,0.8050699007425713,-0.4299983398733124,0.5338654430072298,-0.062410712510631496
100,0.25437482038943204,-1.9956931211335647,1.1502437921732176,-0.13007007489557165,0.30838827594613316,-0.9973235925594434,-0.3512417121067547,-0.3815160468387552,-1.1201112859844993,0.3434980205987145,0.0871961304363269,0.1118956882486002,-0.12978211334001422,-0.05432698026401925,-0.30662278891746203,0.34633261278461613,1.0964340331469398,0.5356178784880918,-0.6466514185483659,-0.1863940555100942,0.19181451985306197,-0.017074227194448677,-0.3647742196169945,0.7416823861564923,0.17749128180542728,-0.15717068770734013,-0.07732146175556337,0.09475632894376451,0.29880010321494144,-0.686913569281129,-0.7889719568019024,1.0360635909884293
101,-0.2569428835919009,-0.9467650427134671,-0.2702022632393232,0.08417475192277842,-1.2174086314959496,-1.7520416923996007,0.2998534056268043,1.3239788425630634,0.6900372345255479,0.8512635053875802,-0.2930796374047706,-0.07224269689739117,0.1323836598591263,-0.918674962341961,0.7612305021445995,0.6117787902947797,0.696351688129944,0.39580693583625126,0.6323233894502364,0.1700787193113875,-0.34068940015728727,2.1064107333224715,-1.3072435162139324,-0.9155269225462855,0.4986570720378223,-0.6882826219490703,-0.056454176147851504,-1.3956553157147056,1.7002700546609277,0.5504160688420898,0.12034102172938521,0.2993245871159589
102,-0.02880627729356061,-0.686486680208027,0.06655093348596891,0.03347465161045705,0.683029094924212,-0.9977355442005115,0.44874534478647665,1.4524289294683563,-0.2202553354748982,-0.17127150770683652,-1.0627066899744646,0.004181927122863631,-0.030336801230948902,0.554201234604851,-1.0212154211088282,0.6716851829822026,0.6779422924057327,0.9504048788214033,0.7902411645152798,1.4845197531485015,0.2335502732721482,1.5826446446888767,0.42689527151583123,-0.35200011563973843,1.0911819858249499,-0.5322942985819198,-0.35425006342636484,-1.8353836530514167,1.7007236200221432,0.47445404726690876,-0.739331641408411,-1.2490674349833542
103,0.19376307975656298,-0.61472581188406,-0.7886570792445435,0.13940666284302872,0.8341548477930181,-0.3073349093331974,-0.048677553617025096,0.0735510337382126,-0.10038052583958101,0.2840422855947128,-0.30012914322184936,-0.028111094684745614,-0.0785114279509224,0.5190815332487209,-0.8652761844188122,0.29666404674294283,0.757136617607775,0.2176062818606994,0.56244293311422,-0.3321756202191261,-0.15374507342990434,0.5494344147330077,0.20264604018433005,0.0573502521820449,0.016214722508200885,0.7193099048108511,-0.10296974535997505,0.16107374998768903,0.7689580549077047,0.007775249399333058,-0.057312447704860325,-0.2770138210652329
104,0.416283266985641,1.39306103322813,-0.20189192116147736,-0.13249466669251692,0.8111236181790873,1.9615233239668506,-0.1579719797813625,-0.7923778120994556,0.8304834809122318,-0.23986500828305074,0.15269580661231769,-0.12740611109819364,0.06583968811488687,0.6090600591939108,-0.6593320619050844,-0.07630539687722823,-0.6141101706061904,-0.706646015257449,-0.12731209531639495,-0.9534511430918851,0.36591465603859696,-2.6041702846185353,1.427602440891207,1.023456906734548,-1.6487416065530125,-0.5641807641661216,-0.22543203558251979,2.3388171937427393,-2.6955162819140357,-0.7625752367430207,-0.761936729426607,-0.399416816718438
105,-0.006180788641924589,-0.388011950847772,-0.2972538719756226,0.1467507399581797,0.3957908933453333,-0.7709161053057987,-0.35276039648756574,-0.749744928698,0.4949620006262112,0.6940420649962605,0.6195663371078417,-0.1797700073010811,0.13127076169841723,-0.5012969753249281,0.4117185863300054,-0.1500422552783637,0.048175673504715175,-0.0723832426292249,-0.06799785067733416,0.8985186994526492,-0.21684393336254185,1.2151818411323156,-0.2238311484026586,-0.34524574311794215,0.1937518335609148,0.28193684860693097,-0.2592417205132592,-0.38540595647727927,-0.04746457905151727,0.44249469638175914,-0.018117281476879354,0.5872166892743611
106,0.2720939051835241,-1.0996812719186608,0.2788601700943329,0.022462546900828537,1.1679986547041745,0.20420313920825867,-0.2888801385018978,-0.3790921899082155,0.295408336228618,0.7526701979282261,0.3922909304158579,0.01688022177531136,-0.24785499048949244,-0.10063632234205713,-0.5194537433816346,0.39701148469178443,1.153457353660552,0.6709754111037597,-0.5881699299212593,-0.35102769357705454,-0.45462052481880744,-0.6287175274653849,0.22141107402380994,1.0849699516930325,-0.20598416994218832,0.2001175683901663,0.07935594225943116,-0.17267344718531386,-1.6196358693361954,-0.6235817793133358,-0.9948128716910922,0.21881186642439263
107,0.04126793301069709,-0.15201167131162008,0.423362091520115,-0.12196753152850381,-0.7154457198602451,0.5735483210143754,-0.16279097709279194,1.263533410354724,-0.5973714127131474,0.23700926170714423,0.15975143732863803,0.06268578096053741,-0.04821647489402023,0.14941008911668982,-0.2892904650939367,-0.6157471232125066,-0.4442788980848735,-0.17154459297694052,-0.19713159895387067,-1.3730368087471723,0.8918500474818938,-2.1601126891586366,0.19055786806607833,0.26423946986384333,-0.22281555778356468,-0.17055369050733682,0.6394786740827025,0.26734338952164816,-0.664027601037312,-0.29748947679998183,-0.803256947170515,-1.354310741759127
108,0.20821257395875997,-0.7832321170961014,0.04763503004930453,0.1529590268184135,-1.107909827648077,0.07606864764605428,0.4172513238401715,-2.311879236427679,0.3400431745186012,0.43073085825328294,0.08802992859692976,-0.03300700838218078,-0.1286220763447104,0.26743243184069365,-0.42543902614879914,0.8872925503225639,-0.2885131046938686,-0.09580760593429027,0.8401191998598386,-0.511836505859582,0.9547075214245057,-1.415056552288616,-0.020131083278848577,1.3030192845316946,0.03354878509399539,0.4584388768499527,0.9741374064665754,1.1062442318662755,-0.7262181748994871,0.24745964613851518,0.3009208304303951,2.1730952368735084
109,0.4853403783289011,-1.4134375670873187,-0.018277001166315643,0.0577001942499582,-1.4900965095834136,0.4199140666656238,0.4157146773324967,0.7932024009300256,0.788008365711999,0.9437837716249657,-0.38246828534220906,-0.01059746357485015,-0.007959229830769209,0.14188883797042945,-1.6247496515588176,-0.1692685485834482,0.33761758443295314,0.42408816788873577,1.1408384988748987,-0.8926607549227658,0.2749450640870731,-1.9220455551229314,1.0307925548257966,0.4663942931641682,-0.35328449504935977,0.11164111053486066,0.5082143390264713,1.20061963170835,-0.5865949437811315,-0.6924586236562449,0.12701522888436512,-1.2730658164346245
110,-0.09421406232797203,1.1031831634394766,-0.659323270773751,-0.2837695502106493,0.8530869984086332,1.4322444279556135,-0.08561256301983614,-0.3782913928846,0.023958141998157406,-0.7866353847206533,-0.14546655204313935,-0.0996296317837511,0.057219715766042435,0.3279195296161946,-1.2306112863986118,0.27779518565827577,0.028621733608889748,-0.0753844201778794,-0.10009215698979398,-0.07882967366900168,-0.027298758814633867,-0.8641812771339809,1.0827539006039661,-0.20712804265977727,-0.5338363169292927,-0.5161496274280258,-0.43079051293741577,0.6519814324084078,-1.1492138252299955,-0.19074039627381992,0.5543284400614941,-0.5428029608838805
111,0.26884278552318086,0.37751613499916714,0.7507207342405913,-0.04530155684059589,-0.23138136090100297,-0.09202658942415975,-0.2819899406270209,0.27523756079936107,0.663291778970273,0.02765923155881652,0.37914846153176807,0.04412813711273576,-0.031769286315430204,-0.15055353477489483,0.1645740517153269,-0.3072890135867925,-0.5828071647208084,-0.3455155376871567,0.01857074882507742,-0.5966101756365795,0.3694945138950718,-1.3782274997165378,0.20549302131848912,0.5135295714784118,-0.8921980318892339,0.08170402156042722,0.3602140948772931,0.87352252429974,-1.507252749053258,-0.37383370275837813,-1.1861611876821294,-0.6476449978322106
112,0.40846558078322304,-1.6225385533843166,-1.6531804698821755,0.13524833545113865,0.8661433656094222,-0.5296683881793018,-0.24373510709435342,0.3968688908214972,-1.5936620585072436,0.9683142952721607,-0.6861787181263009,0.06322651173480237,0.20089351671096967,-0.19732404285521213,-0.23971693170171837,-0.39929371946532677,1.2422131341518456,0.19376868614780704,-0.017001412578561748,0.5827523938952365,-1.579704691268267,1.6791060815722523,0.278093887818577,0.05083155643073703,-0.5327433346023007,0.8660584969966073,-0.885105954928352,0.38054433391966014,1.6498667805096645,-0.027328136388314616,0.9199236624004555,-0.2876046539831007
113,0.02825016676892507,0.27760821343572195,-1.0908791965074522,-0.10715799455365099,1.1245211286757053,0.5808649433037845,0.32178244200005895,-1.2614584472638741,0.33365426902202777,-0.28085087529639113,0.06694028419293549,-0.03472187864321833,0.057425693793228996,0.16713029071388225,0.21368215453802653,0.47451593069580633,0.6728956790738756,0.3610718683622465,-0.13360366559030415,1.2085130036401037,-0.14226424153259346,0.458739943356347,-0.0061020479888312384,0.4543549052120629,-0.24436829594323556,-0.5309983760441974,-0.392797350656502,0.2703722064980339,-0.6250985903380514,-0.16824334610189967,1.5087399078962138,1.5410602701647493
114,-0.013926138831208135,1.6510056566625673,1.0149026545245037,-0.13243537933800895,1.449924793152849,2.3303391734659957,0.6930264612152186,0.6184195496380337,2.3443760474396798,-0.8979381741116501,0.3384810805024672,-0.008449164464334694,-0.1797447840629806,0.4173549884516723,-0.6386210352952375,0.19057237704965974,-1.5917440401442644,-0.46648882928363156,1.011065248907886,0.4624430449945135,0.8777671081700562,-1.7755574802352447,1.4805963706047662,0.3038976139310467,-0.7104598540029085,-0.3244712736332514,-0.5153907492169636,0.8753291341260849,-2.5713760987442535,-0.13889009959820056,-0.32266702789078905,-1.4968784678173925
115,-0.0990079079700023,0.8661225342209462,-1.416066068075004,-0.18890517708981377,-1.0274309216150321,0.3612351583480601,0.5176084813714352,-1.023150409151605,0.17134210406355202,0.09891049251381771,-0.05891203779105997,0.07600304567772077,0.06116719461663658,0.13918526771695705,-0.6980741958003065,0.18683451160777187,-0.5436246685475403,0.2603097714164566,1.3272841267142106,-0.12387484986821085,-0.5958849720543528,-0.5333965489289604,0.35716979946573885,-0.2642671283426597,0.14587844167136563,0.27060221708924403,0.6884280606635987,-0.020591162090184217,0.6858250783491315,-0.04595978749892479,0.3415029086500646,0.5086734906364065
116,-0.030355385199748196,0.5969056582346597,0.017719951001150452,0.1313481027641606,-0.9763251072823728,-0.1235441887030986,0.9309218670148433,3.5398245362604372,1.1087808535820045,-0.7002996015489185,0.020798904733580884,-0.058130212995144266,-0.042663745781080585,-0.3407709863679955,-0.5696212627479549,-1.1474212390862104,-0.3947606162901916,0.872361140861951,0.8167752257432268,-1.5984840389228268,-0.013464465537733394,-1.8220599842039464,-0.15242096816708672,-1.3600797055606244,0.5653234728060482,0.3129462266035787,1.3723258488071013,-0.2933574109562228,1.0278925141249797,-0.2975608518138342,-0.04048337943383978,-2.5975992085540174
117,-0.17304545513801356,2.4096999985631316,-1.0108110996609208,-0.3939087141667065,1.8162369394774873,-0.97726507560254,0.7629939807888847,2.0320387938616298,1.6869673300782697,-0.8750204100235105,0.6420157244979644,0.03370263720286713,-0.227203693609101,-0.9660372453774142,2.354626899335457,-0.808481879639515,-1.508146501590231,-0.34310751254357325,1.8909470912207866,0.5121206879857874,0.3645701368866856,1.393433776705314,-1.545866546207141,-0.18939965308803786,-1.2116992974913636,-0.2669715991146864,-0.639804539946032,-0.6725320478353253,0.6116280420005833,0.3201304407706437,0.2777360453719952,-0.4739930477811527
118,-0.24367317752356535,0.5668408202903228,-2.247873622706079,0.13930110642337273,-0.1806703638438556,-0.5679162400312738,-0.8972162420264911,-2.169816049307921,-0.7639063548184422,0.41971810783976127,0.4716841754447315,-0.11991166223211092,0.15636066765084705,0.15893364932072931,0.35030755870543046,0.7878404353725738,0.3858600510003847,-0.63170821455225,-0.3670812417205583,0.27656906598313835,0.20074849298311037,0.04435534149592851,-0.10570003386228785,-0.2534237899273772,0.08186749033223918,0.5645636630813123,0.5549378836907547,-0.02024678798325663,0.29999991859150765,0.5500212137369505,1.0043145421303445,1.7627088628303118
119,-0.009850530191031437,0.1736219740723733,0.8258609621191385,0.04897400804368774,-1.0585652390747935,-0.19097300552284882,0.38841159134213143,0.04068504187147799,1.9221624481552504,-0.16155388318596242,0.8084939824327664,-0.03385883938149998,0.020280724581144854,-0.1342928764229375,0.30882202841982054,-0.17209755011754624,-1.5342659898906008,-0.016329340638846,0.8888161252520808,-0.2465364934674218,0.8990913855723346,0.4498393095771209,-0.7424890972431307,-0.14484188303171314,-0.3526194241967338,-0.6414034316213839,-0.23782236226034414,-0.6843184105146498,-0.6567415611699402,0.7026320632305147,0.04220757505596795,0.3201770963403752
120,-0.01638189520516129,0.3287742518489632,-0.16240512235249174,-0.04345691837452263,-1.2808450932120117,0.6998653052975262,-0.3490448156498772,0.4583131667193615,-1.1061491253209759,-0.20068196839739688,-0.5477002208940202,0.08283163630188076,-0.15398343498112432,0.7072726641640454,-0.6931331472893284,-0.13778383586206974,-0.2452887360584841,-0.5564416148607115,-0.4803715090402717,-0.3687185429790782,0.36462263966100955,-1.139638648453171,0.8210173307964015,-0.5015432473036712,-0.30520201882647513,-0.392872135343316,0.31348377541496864,0.33088441432496585,0.2718279462311611,-0.35794790658933295,0.048639712667400026,-1.2985685697624
121,0.3560076762050546,0.09109550263907534,-1.0587225509477025,-0.04490566373327228,-1.0182309358097625,0.9938959262354169,0.10300748642510259,-0.4946638976657577,0.1706311590626393,-0.2023489180654946,-0.28766391396224883,-0.03965968541299121,-0.020345927811998944,0.13381468589676385,-1.3852686850833265,0.4798578371392731,0.4851710222124065,0.20894982058392397,0.44629573618536417,-1.661917814857718,0.020930116418993894,-2.227377358534098,0.9820582957221807,0.3193151473514361,-0.6453588575313619,0.04120153188409986,0.6680906636085724,0.6407512106647357,-0.6574169235978489,-0.11186170859428718,0.48844687536364406,-0.42635335196353275
122,0.060639913770310076,0.11584750916409828,-1.8233871776892538,0.09956330460833768,-0.3894384194079414,0.2865332204515672,0.2203867070178448,-1.9792185705659764,-0.9074110097634279,0.06916475115117666,-1.131014036349121,-0.034523048563328725,0.16083538443817996,0.5754141190171066,0.5012484890211998,0.8543394066407982,0.1706750357446958,0.06625580715748264,0.4707355937068911,-0.2518191193191032,-0.4542468448054858,1.5151334257585523,-0.43706980967738396,0.28427228278354266,0.30053541708925857,0.22075265936881258,-0.18596784743768652,0.024919241748816268,0.6496935024379213,0.6331869335649519,1.5614356740177846,2.3038894066188242
123,0.08260716528043367,0.8062237263394433,1.4528258348425436,0.11893801759736355,-0.6563496196225475,1.647733607012458,0.5402961016128683,1.4227518684308667,-1.0745259326223813,0.03559872840406453,-1.6441955274636413,0.0038471801223905404,0.1022390648881831,1.0445058905350768,-0.15473890795155043,-0.4479159426350586,-1.722741318049452,-0.7572950437533834,0.22088584674561818,-1.4268216410910388,0.39392858051175816,-1.3096440290052942,0.3656640966654534,-0.051048433797933085,-0.401807789283115,-0.574438546989209,0.6460872137624157,0.2831191890103456,0.7387118288984093,-0.19037450385995247,-1.0345997310746735,-1.6471247473618824
124,0.5923168544381952,1.000982093001972,1.0590218974275458,-0.21178193291024372,2.2707034194254185,3.974071765614796,0.15554307486886812,0.36596215698080525,-0.7328666987549933,-0.779265133562123,-1.0021844585235318,-0.09575257896224028,-0.09843435310831532,1.1685225862267499,-1.8422410090042822,-0.5442120399370936,-0.7720805830317392,-0.5174046862462888,-0.2148479211765399,0.08830242102505803,-1.5858696952605045,-1.349073309215562,2.7607295444263786,0.7095569262272249,-2.005784423658346,0.653850630621972,-1.0887737891856544,2.0426535611260896,-2.1885438952796616,-0.12083295521663523,-0.6145572270057847,-2.295103037112834
125,0.1683978851325481,-0.7286984089596875,-1.1043576583042753,0.09872952892008853,0.8078038170513164,-0.6437360571622248,-0.5682735683058872,-1.5304482006514266,0.41947694012758063,1.0833186141834172,0.6208714168818072,-0.029855457547618848,0.1981302103271032,-0.6658455854395726,-0.017658105745967406,0.5217566228697122,0.9890835017890596,-0.34787747073047937,-0.6062332197949503,1.2933340864532132,-0.34440527572125285,1.016690829018962,0.04410283375040347,-0.11089299421119742,-0.4134481994745201,0.0757009129337791,-0.5239880883503627,0.3888244088144835,-0.5737214733568359,0.0212246977228037,0.17892670546028966,1.297470398136991
126,-0.19379827488503548,-0.9233069078116842,0.5083764179096445,-0.13074349494125767,-0.35122054750834714,0.16460311879611614,-0.20235345050605708,1.268269139761167,-0.33097203850520973,-0.1906333699142664,-0.10437778872763566,-0.11074892374804098,0.010313675187363692,0.26156707762912124,-1.0073973272559318,0.2842070264109703,1.6964717002755498,1.1211435503936311,-1.2109754890388107,-0.259453724225985,-0.10165274016841093,0.45214481455957767,0.2924261443722422,-0.44822609320271434,0.6281812778113351,-0.6012626911998207,0.07134597206418752,-0.9576155042738776,0.050825494465963246,-0.024304024908813303,0.26434805322133287,-1.068650164045983
127,-0.4214506123279305,0.6021763108338023,0.18448115676077587,0.025546980139420507,1.6375334957281011,1.2610012716736345,-0.15775667939289517,0.11961282613909421,-0.8165058532503996,-0.1568908284658116,-0.023816177234589495,-0.0760158119869853,0.05813910524991978,1.0230744510895433,-1.1156311784493327,0.06138534045415869,-0.2152888504530801,0.18997926594142467,-0.41886200982106553,1.0101910533641503,-0.10264408884383275,-0.9560214130255866,1.5690300801060502,0.1383622080131714,0.24781058535555683,-0.45655909017795915,-0.5777824515517905,-0.6771468813931204,-0.41071372012882806,-0.5513711050567092,-0.2591628666290823,-0.9473765857799343
